customer_id,age,city
C0001,61,Kolkata
C0002,53,Kolkata
C0003,35,Mumbai
C0004,63,Bengaluru
C0005,37,Bengaluru
C0006,33,Delhi
C0007,60,Bengaluru
C0008,35,Bengaluru
C0009,21,Ahmedabad
C0010,40,Mumbai
C0011,55,Ahmedabad
C0012,26,Pune
C0013,39,Mumbai
C0014,24,Mumbai
C0015,50,Delhi
C0016,40,Ahmedabad
C0017,33,Ahmedabad
C0018,28,Bengaluru
C0019,44,Ahmedabad
C0020,49,Delhi
C0021,62,Mumbai
C0022,38,Bengaluru
C0023,25,Ahmedabad
C0024,57,Pune
C0025,47,Bengaluru
C0026,50,Bengaluru
C0027,22,Mumbai
C0028,32,Pune
C0029,54,Mumbai
C0030,57,Pune
C0031,38,Mumbai
C0032,55,Delhi
C0033,57,Ahmedabad
C0034,36,Kolkata
C0035,60,Bengaluru
C0036,31,Delhi
C0037,29,Ahmedabad
C0038,50,Mumbai
C0039,47,Mumbai
C0040,24,Delhi
C0041,57,Mumbai
C0042,27,Mumbai
C0043,55,Pune
C0044,18,Kolkata
C0045,55,Ahmedabad
C0046,54,Delhi
C0047,54,Nagpur
C0048,49,Pune
C0049,40,Nagpur
C0050,51,Mumbai
C0051,31,Bengaluru
C0052,54,Pune
C0053,44,Nagpur
C0054,39,Kolkata
C0055,41,Delhi
C0056,44,Ahmedabad
C0057,19,Ahmedabad
C0058,24,Bengaluru
C0059,29,Pune
C0060,23,Delhi
C0061,38,Kolkata
C0062,49,Delhi
C0063,48,Ahmedabad
C0064,40,Pune
C0065,58,Pune
C0066,44,Kolkata
C0067,21,Ahmedabad
C0068,53,Nagpur
C0069,45,Nagpur
C0070,47,Delhi
C0071,44,Ahmedabad
C0072,44,Delhi
C0073,22,Pune
C0074,44,Delhi
C0075,55,Ahmedabad
C0076,32,Kolkata
C0077,46,Pune
C0078,19,Pune
C0079,34,Ahmedabad
C0080,38,Ahmedabad
C0081,64,Delhi
C0082,28,Nagpur
C0083,30,Kolkata
C0084,37,Ahmedabad
C0085,64,Mumbai
C0086,58,Mumbai
C0087,19,Kolkata
C0088,28,Mumbai
C0089,56,Kolkata
C0090,20,Pune
C0091,58,Mumbai
C0092,31,Nagpur
C0093,61,Delhi
C0094,31,Nagpur
C0095,38,Bengaluru
C0096,49,Delhi
C0097,23,Nagpur
C0098,44,Delhi
C0099,41,Kolkata
C0100,54,Nagpur
C0101,64,Pune
C0102,49,Nagpur
C0103,37,Bengaluru
C0104,37,Pune
C0105,37,Kolkata
C0106,56,Delhi
C0107,33,Delhi
C0108,25,Nagpur
C0109,33,Kolkata
C0110,19,Mumbai
C0111,22,Nagpur
C0112,22,Nagpur
C0113,54,Ahmedabad
C0114,51,Ahmedabad
C0115,50,Pune
C0116,39,Pune
C0117,51,Mumbai
C0118,25,Delhi
C0119,60,Nagpur
C0120,41,Ahmedabad
C0121,62,Delhi
C0122,25,Delhi
C0123,41,Ahmedabad
C0124,50,Delhi
C0125,41,Delhi
C0126,38,Delhi
C0127,25,Delhi
C0128,35,Nagpur
C0129,29,Pune
C0130,32,Bengaluru
C0131,50,Nagpur
C0132,47,Ahmedabad
C0133,46,Pune
C0134,35,Ahmedabad
C0135,63,Ahmedabad
C0136,22,Delhi
C0137,34,Ahmedabad
C0138,23,Nagpur
C0139,33,Kolkata
C0140,63,Ahmedabad
C0141,35,Bengaluru
C0142,60,Bengaluru
C0143,41,Ahmedabad
C0144,50,Kolkata
C0145,39,Mumbai
C0146,30,Kolkata
C0147,53,Bengaluru
C0148,63,Ahmedabad
C0149,30,Bengaluru
C0150,54,Ahmedabad
C0151,30,Pune
C0152,51,Bengaluru
C0153,55,Pune
C0154,39,Nagpur
C0155,52,Ahmedabad
C0156,30,Bengaluru
C0157,21,Nagpur
C0158,22,Ahmedabad
C0159,39,Mumbai
C0160,60,Mumbai
C0161,23,Mumbai
C0162,39,Mumbai
C0163,51,Kolkata
C0164,27,Bengaluru
C0165,51,Bengaluru
C0166,32,Mumbai
C0167,56,Mumbai
C0168,45,Pune
C0169,43,Ahmedabad
C0170,26,Nagpur
C0171,39,Ahmedabad
C0172,58,Pune
C0173,18,Bengaluru
C0174,53,Nagpur
C0175,41,Mumbai
C0176,51,Bengaluru
C0177,49,Kolkata
C0178,38,Mumbai
C0179,32,Ahmedabad
C0180,47,Bengaluru
C0181,24,Delhi
C0182,45,Bengaluru
C0183,22,Nagpur
C0184,48,Nagpur
C0185,47,Delhi
C0186,21,Pune
C0187,53,Pune
C0188,37,Delhi
C0189,54,Delhi
C0190,19,Mumbai
C0191,26,Ahmedabad
C0192,41,Nagpur
C0193,26,Ahmedabad
C0194,33,Kolkata
C0195,49,Mumbai
C0196,24,Kolkata
C0197,49,Ahmedabad
C0198,22,Bengaluru
C0199,26,Nagpur
C0200,45,Nagpur
C0201,55,Bengaluru
C0202,26,Delhi
C0203,32,Pune
C0204,61,Delhi
C0205,64,Bengaluru
C0206,45,Nagpur
C0207,39,Kolkata
C0208,34,Delhi
C0209,46,Nagpur
C0210,45,Mumbai
C0211,31,Delhi
C0212,19,Pune
C0213,25,Bengaluru
C0214,63,Ahmedabad
C0215,37,Ahmedabad
C0216,40,Pune
C0217,39,Delhi
C0218,54,Pune
C0219,21,Nagpur
C0220,21,Bengaluru
C0221,30,Kolkata
C0222,40,Kolkata
C0223,49,Kolkata
C0224,41,Ahmedabad
C0225,38,Pune
C0226,62,Bengaluru
C0227,25,Bengaluru
C0228,44,Kolkata
C0229,43,Delhi
C0230,40,Mumbai
C0231,55,Ahmedabad
C0232,30,Ahmedabad
C0233,62,Bengaluru
C0234,33,Nagpur
C0235,43,Nagpur
C0236,42,Mumbai
C0237,57,Bengaluru
C0238,38,Bengaluru
C0239,31,Mumbai
C0240,19,Ahmedabad
C0241,35,Ahmedabad
C0242,56,Ahmedabad
C0243,18,Kolkata
C0244,60,Pune
C0245,43,Nagpur
C0246,24,Pune
C0247,32,Pune
C0248,44,Kolkata
C0249,32,Kolkata
C0250,23,Mumbai
C0251,49,Delhi
C0252,49,Pune
C0253,23,Pune
C0254,31,Nagpur
C0255,29,Pune
C0256,48,Ahmedabad
C0257,52,Kolkata
C0258,52,Delhi
C0259,62,Bengaluru
C0260,54,Ahmedabad
C0261,33,Mumbai
C0262,23,Mumbai
C0263,46,Pune
C0264,61,Pune
C0265,63,Bengaluru
C0266,28,Bengaluru
C0267,29,Bengaluru
C0268,19,Delhi
C0269,24,Ahmedabad
C0270,44,Delhi
C0271,43,Nagpur
C0272,35,Delhi
C0273,32,Bengaluru
C0274,57,Bengaluru
C0275,39,Delhi
C0276,55,Mumbai
C0277,63,Bengaluru
C0278,32,Nagpur
C0279,27,Bengaluru
C0280,62,Ahmedabad
C0281,47,Kolkata
C0282,31,Nagpur
C0283,47,Kolkata
C0284,42,Bengaluru
C0285,60,Nagpur
C0286,30,Ahmedabad
C0287,64,Ahmedabad
C0288,61,Bengaluru
C0289,26,Delhi
C0290,25,Bengaluru
C0291,43,Nagpur
C0292,20,Ahmedabad
C0293,32,Ahmedabad
C0294,38,Kolkata
C0295,63,Nagpur
C0296,64,Delhi
C0297,25,Mumbai
C0298,59,Bengaluru
C0299,22,Nagpur
C0300,53,Nagpur
C0301,57,Delhi
C0302,59,Ahmedabad
C0303,28,Bengaluru
C0304,59,Ahmedabad
C0305,23,Ahmedabad
C0306,42,Mumbai
C0307,40,Mumbai
C0308,32,Nagpur
C0309,19,Kolkata
C0310,54,Kolkata
C0311,33,Delhi
C0312,49,Delhi
C0313,37,Nagpur
C0314,35,Pune
C0315,59,Mumbai
C0316,22,Nagpur
C0317,52,Nagpur
C0318,53,Pune
C0319,35,Pune
C0320,30,Mumbai
C0321,18,Delhi
C0322,62,Kolkata
C0323,62,Delhi
C0324,29,Ahmedabad
C0325,19,Nagpur
C0326,23,Nagpur
C0327,21,Mumbai
C0328,57,Delhi
C0329,59,Ahmedabad
C0330,25,Mumbai
C0331,53,Nagpur
C0332,26,Pune
C0333,35,Pune
C0334,46,Delhi
C0335,51,Ahmedabad
C0336,59,Delhi
C0337,20,Delhi
C0338,27,Kolkata
C0339,31,Bengaluru
C0340,32,Delhi
C0341,64,Kolkata
C0342,54,Ahmedabad
C0343,33,Kolkata
C0344,63,Bengaluru
C0345,41,Delhi
C0346,41,Kolkata
C0347,38,Ahmedabad
C0348,24,Bengaluru
C0349,61,Pune
C0350,18,Kolkata
C0351,26,Delhi
C0352,28,Bengaluru
C0353,31,Ahmedabad
C0354,24,Kolkata
C0355,18,Mumbai
C0356,49,Mumbai
C0357,63,Ahmedabad
C0358,23,Bengaluru
C0359,31,Bengaluru
C0360,41,Ahmedabad
C0361,61,Delhi
C0362,50,Ahmedabad
C0363,54,Kolkata
C0364,45,Delhi
C0365,37,Nagpur
C0366,27,Kolkata
C0367,58,Mumbai
C0368,55,Kolkata
C0369,19,Pune
C0370,51,Nagpur
C0371,21,Bengaluru
C0372,52,Bengaluru
C0373,56,Kolkata
C0374,24,Bengaluru
C0375,38,Delhi
C0376,23,Nagpur
C0377,44,Mumbai
C0378,61,Mumbai
C0379,21,Nagpur
C0380,36,Mumbai
C0381,63,Ahmedabad
C0382,32,Bengaluru
C0383,24,Kolkata
C0384,40,Ahmedabad
C0385,41,Kolkata
C0386,49,Kolkata
C0387,32,Kolkata
C0388,62,Ahmedabad
C0389,42,Nagpur
C0390,31,Kolkata
C0391,63,Pune
C0392,61,Nagpur
C0393,41,Mumbai
C0394,19,Bengaluru
C0395,46,Delhi
C0396,44,Mumbai
C0397,24,Pune
C0398,47,Ahmedabad
C0399,57,Ahmedabad
C0400,22,Bengaluru
C0401,51,Pune
C0402,24,Kolkata
C0403,53,Ahmedabad
C0404,37,Bengaluru
C0405,18,Pune
C0406,63,Mumbai
C0407,25,Mumbai
C0408,46,Nagpur
C0409,26,Kolkata
C0410,61,Mumbai
C0411,52,Nagpur
C0412,55,Mumbai
C0413,38,Kolkata
C0414,39,Delhi
C0415,47,Bengaluru
C0416,54,Delhi
C0417,57,Delhi
C0418,18,Bengaluru
C0419,49,Mumbai
C0420,23,Kolkata
C0421,31,Bengaluru
C0422,56,Bengaluru
C0423,29,Nagpur
C0424,55,Bengaluru
C0425,39,Nagpur
C0426,28,Mumbai
C0427,33,Kolkata
C0428,42,Pune
C0429,53,Mumbai
C0430,46,Delhi
C0431,61,Pune
C0432,58,Kolkata
C0433,53,Ahmedabad
C0434,46,Mumbai
C0435,31,Kolkata
C0436,37,Ahmedabad
C0437,23,Pune
C0438,35,Delhi
C0439,61,Ahmedabad
C0440,38,Mumbai
C0441,23,Bengaluru
C0442,48,Nagpur
C0443,63,Delhi
C0444,58,Kolkata
C0445,30,Delhi
C0446,39,Delhi
C0447,42,Pune
C0448,29,Pune
C0449,30,Nagpur
C0450,29,Bengaluru
C0451,64,Ahmedabad
C0452,53,Nagpur
C0453,57,Bengaluru
C0454,56,Bengaluru
C0455,63,Kolkata
C0456,22,Nagpur
C0457,59,Delhi
C0458,21,Delhi
C0459,40,Ahmedabad
C0460,45,Nagpur
C0461,34,Mumbai
C0462,24,Pune
C0463,27,Ahmedabad
C0464,56,Kolkata
C0465,32,Kolkata
C0466,32,Pune
C0467,61,Delhi
C0468,24,Mumbai
C0469,61,Delhi
C0470,61,Nagpur
C0471,46,Ahmedabad
C0472,25,Bengaluru
C0473,25,Nagpur
C0474,31,Bengaluru
C0475,45,Ahmedabad
C0476,25,Kolkata
C0477,39,Delhi
C0478,23,Nagpur
C0479,43,Bengaluru
C0480,18,Nagpur
C0481,51,Ahmedabad
C0482,20,Mumbai
C0483,27,Mumbai
C0484,26,Delhi
C0485,57,Pune
C0486,20,Kolkata
C0487,38,Bengaluru
C0488,45,Delhi
C0489,42,Bengaluru
C0490,49,Delhi
C0491,55,Mumbai
C0492,36,Nagpur
C0493,56,Ahmedabad
C0494,32,Kolkata
C0495,64,Pune
C0496,41,Ahmedabad
C0497,52,Nagpur
C0498,59,Mumbai
C0499,55,Mumbai
C0500,58,Nagpur
C0501,43,Mumbai
C0502,20,Mumbai
C0503,41,Nagpur
C0504,26,Pune
C0505,59,Ahmedabad
C0506,29,Mumbai
C0507,28,Nagpur
C0508,29,Ahmedabad
C0509,48,Kolkata
C0510,44,Delhi
C0511,62,Kolkata
C0512,37,Nagpur
C0513,31,Ahmedabad
C0514,20,Nagpur
C0515,18,Kolkata
C0516,35,Kolkata
C0517,61,Kolkata
C0518,42,Bengaluru
C0519,59,Ahmedabad
C0520,22,Ahmedabad
C0521,22,Kolkata
C0522,57,Pune
C0523,23,Nagpur
C0524,20,Kolkata
C0525,36,Nagpur
C0526,61,Pune
C0527,50,Ahmedabad
C0528,22,Nagpur
C0529,57,Kolkata
C0530,57,Kolkata
C0531,55,Nagpur
C0532,60,Ahmedabad
C0533,29,Kolkata
C0534,64,Bengaluru
C0535,33,Pune
C0536,55,Delhi
C0537,45,Delhi
C0538,54,Delhi
C0539,47,Mumbai
C0540,48,Nagpur
C0541,46,Bengaluru
C0542,54,Pune
C0543,52,Nagpur
C0544,24,Nagpur
C0545,56,Pune
C0546,43,Pune
C0547,33,Nagpur
C0548,42,Kolkata
C0549,63,Mumbai
C0550,58,Pune
C0551,57,Mumbai
C0552,39,Ahmedabad
C0553,54,Pune
C0554,36,Bengaluru
C0555,50,Delhi
C0556,48,Bengaluru
C0557,29,Delhi
C0558,30,Ahmedabad
C0559,20,Kolkata
C0560,24,Ahmedabad
C0561,38,Kolkata
C0562,40,Kolkata
C0563,25,Delhi
C0564,37,Delhi
C0565,46,Pune
C0566,28,Bengaluru
C0567,33,Delhi
C0568,35,Kolkata
C0569,41,Pune
C0570,35,Bengaluru
C0571,52,Ahmedabad
C0572,33,Pune
C0573,38,Pune
C0574,35,Ahmedabad
C0575,26,Nagpur
C0576,50,Mumbai
C0577,29,Nagpur
C0578,31,Delhi
C0579,55,Nagpur
C0580,62,Kolkata
C0581,49,Bengaluru
C0582,61,Ahmedabad
C0583,58,Kolkata
C0584,40,Ahmedabad
C0585,54,Mumbai
C0586,33,Mumbai
C0587,39,Kolkata
C0588,43,Kolkata
C0589,63,Bengaluru
C0590,57,Mumbai
C0591,40,Nagpur
C0592,48,Mumbai
C0593,27,Mumbai
C0594,55,Pune
C0595,43,Delhi
C0596,43,Mumbai
C0597,54,Kolkata
C0598,47,Ahmedabad
C0599,21,Pune
C0600,31,Ahmedabad
C0601,26,Bengaluru
C0602,52,Nagpur
C0603,19,Mumbai
C0604,27,Mumbai
C0605,46,Bengaluru
C0606,50,Mumbai
C0607,41,Delhi
C0608,58,Nagpur
C0609,61,Bengaluru
C0610,24,Mumbai
C0611,62,Kolkata
C0612,46,Delhi
C0613,47,Ahmedabad
C0614,22,Pune
C0615,47,Kolkata
C0616,52,Nagpur
C0617,45,Ahmedabad
C0618,21,Nagpur
C0619,42,Pune
C0620,61,Nagpur
C0621,52,Pune
C0622,24,Mumbai
C0623,63,Nagpur
C0624,63,Mumbai
C0625,25,Nagpur
C0626,55,Kolkata
C0627,37,Pune
C0628,45,Mumbai
C0629,38,Mumbai
C0630,54,Ahmedabad
C0631,64,Pune
C0632,55,Ahmedabad
C0633,61,Mumbai
C0634,62,Nagpur
C0635,22,Nagpur
C0636,29,Ahmedabad
C0637,51,Ahmedabad
C0638,45,Bengaluru
C0639,20,Ahmedabad
C0640,22,Bengaluru
C0641,42,Ahmedabad
C0642,46,Pune
C0643,25,Pune
C0644,26,Nagpur
C0645,24,Delhi
C0646,44,Pune
C0647,18,Kolkata
C0648,44,Ahmedabad
C0649,40,Kolkata
C0650,39,Delhi
C0651,49,Nagpur
C0652,42,Pune
C0653,52,Bengaluru
C0654,53,Nagpur
C0655,61,Pune
C0656,55,Kolkata
C0657,42,Ahmedabad
C0658,41,Mumbai
C0659,29,Ahmedabad
C0660,46,Ahmedabad
C0661,24,Kolkata
C0662,61,Delhi
C0663,57,Pune
C0664,23,Pune
C0665,54,Delhi
C0666,23,Mumbai
C0667,51,Nagpur
C0668,22,Mumbai
C0669,40,Mumbai
C0670,48,Kolkata
C0671,52,Mumbai
C0672,37,Mumbai
C0673,61,Kolkata
C0674,54,Pune
C0675,27,Bengaluru
C0676,49,Mumbai
C0677,52,Pune
C0678,33,Mumbai
C0679,52,Delhi
C0680,60,Delhi
C0681,56,Ahmedabad
C0682,53,Pune
C0683,47,Mumbai
C0684,30,Ahmedabad
C0685,55,Pune
C0686,35,Delhi
C0687,43,Delhi
C0688,32,Bengaluru
C0689,32,Ahmedabad
C0690,25,Mumbai
C0691,63,Pune
C0692,24,Bengaluru
C0693,22,Ahmedabad
C0694,61,Delhi
C0695,44,Ahmedabad
C0696,38,Pune
C0697,52,Kolkata
C0698,36,Bengaluru
C0699,24,Kolkata
C0700,52,Bengaluru
C0701,26,Nagpur
C0702,43,Pune
C0703,62,Pune
C0704,61,Kolkata
C0705,34,Ahmedabad
C0706,54,Ahmedabad
C0707,46,Kolkata
C0708,40,Delhi
C0709,24,Kolkata
C0710,35,Kolkata
C0711,48,Mumbai
C0712,64,Nagpur
C0713,18,Bengaluru
C0714,51,Bengaluru
C0715,57,Pune
C0716,62,Nagpur
C0717,37,Ahmedabad
C0718,23,Bengaluru
C0719,30,Mumbai
C0720,57,Delhi
C0721,59,Nagpur
C0722,47,Pune
C0723,23,Ahmedabad
C0724,23,Nagpur
C0725,40,Delhi
C0726,45,Nagpur
C0727,19,Bengaluru
C0728,50,Mumbai
C0729,43,Kolkata
C0730,18,Mumbai
C0731,22,Bengaluru
C0732,39,Nagpur
C0733,51,Nagpur
C0734,56,Mumbai
C0735,38,Delhi
C0736,31,Pune
C0737,63,Delhi
C0738,39,Bengaluru
C0739,32,Bengaluru
C0740,38,Delhi
C0741,18,Nagpur
C0742,32,Bengaluru
C0743,42,Bengaluru
C0744,61,Nagpur
C0745,52,Mumbai
C0746,54,Kolkata
C0747,43,Pune
C0748,23,Delhi
C0749,36,Pune
C0750,64,Mumbai
C0751,20,Bengaluru
C0752,59,Pune
C0753,50,Delhi
C0754,31,Delhi
C0755,54,Mumbai
C0756,57,Pune
C0757,20,Bengaluru
C0758,23,Ahmedabad
C0759,49,Mumbai
C0760,64,Kolkata
C0761,19,Pune
C0762,49,Mumbai
C0763,24,Kolkata
C0764,48,Mumbai
C0765,47,Ahmedabad
C0766,22,Kolkata
C0767,49,Delhi
C0768,60,Delhi
C0769,58,Nagpur
C0770,19,Mumbai
C0771,29,Delhi
C0772,29,Kolkata
C0773,39,Mumbai
C0774,24,Kolkata
C0775,58,Nagpur
C0776,54,Ahmedabad
C0777,55,Pune
C0778,27,Delhi
C0779,18,Pune
C0780,60,Pune
C0781,31,Bengaluru
C0782,48,Mumbai
C0783,60,Ahmedabad
C0784,19,Delhi
C0785,18,Mumbai
C0786,18,Nagpur
C0787,25,Nagpur
C0788,20,Delhi
C0789,56,Kolkata
C0790,46,Bengaluru
C0791,64,Pune
C0792,55,Mumbai
C0793,63,Mumbai
C0794,29,Delhi
C0795,31,Pune
C0796,57,Pune
C0797,29,Bengaluru
C0798,20,Kolkata
C0799,49,Bengaluru
C0800,55,Pune
