store_id,region,channel
S001,Maharashtra,E-commerce
S002,Karnataka,General Trade
S003,Delhi NCR,E-commerce
S004,Maharashtra,E-commerce
S005,Gujarat,Modern Trade
S006,Delhi NCR,E-commerce
S007,Karnataka,E-commerce
S008,Karnataka,E-commerce
S009,Delhi NCR,Modern Trade
S010,West Bengal,General Trade
S011,Delhi NCR,General Trade
S012,Maharashtra,E-commerce
S013,Karnataka,General Trade
S014,Delhi NCR,E-commerce
S015,Delhi NCR,General Trade
S016,Delhi NCR,Modern Trade
S017,Maharashtra,General Trade
S018,West Bengal,Modern Trade
S019,West Bengal,E-commerce
S020,Gujarat,General Trade
S021,Maharashtra,E-commerce
S022,Karnataka,General Trade
S023,Maharashtra,E-commerce
S024,Delhi NCR,E-commerce
S025,Karnataka,E-commerce
S026,Karnataka,Modern Trade
S027,Gujarat,General Trade
S028,Delhi NCR,Modern Trade
S029,Delhi NCR,Modern Trade
S030,Karnataka,E-commerce
